{
  "providers": [
      {
      "type": "bitmap",
      "file": "space:font/splitter.png",
      "ascent": -9999,
      "height": -2,
      "chars": [
          "󀀀"
      ]
    },
    {
      "type": "space",
      "advances": {
          "󏿲": -20
      }
    },
    {"type": "bitmap","file": "minecraft:item/gui/main_gui.png","ascent": 21,"height": 236,"chars": ["జ"]},
    {"type": "bitmap","file": "minecraft:item/gui/shop_gui.png","ascent": 21,"height": 236,"chars": [""]},
    {"type": "bitmap","file": "minecraft:item/gui/statistics_gui.png","ascent": 21,"height": 236,"chars": [""]},
    {"type": "bitmap","file": "minecraft:item/gui/roulette_gui.png","ascent": 38,"height": 236,"chars": ["చ"]},
    {"type": "bitmap","file": "minecraft:item/gui/darts_gui.png","ascent": 38,"height": 236,"chars": [""]},
    {"type": "bitmap","file": "minecraft:item/gui/drums_gui.png","ascent": 21,"height": 236,"chars": ["ట"]},
    {"type": "bitmap","file": "minecraft:item/gui/races_gui.png","ascent": 21,"height": 236,"chars": [""]},
    {"type": "bitmap","file": "minecraft:item/gui/pyramid_gui.png","ascent": 21,"height": 236,"chars": [""]},
    {"type": "bitmap","file": "minecraft:item/gui/stairs_gui.png","ascent": 21,"height": 236,"chars": [""]},
    {"type": "bitmap","file": "minecraft:item/gui/lottery_gui.png","ascent": 21,"height": 236,"chars": [""]},
    {"type": "bitmap","file": "minecraft:item/gui/crash_gui.png","ascent": 21,"height": 236,"chars": [""]},
    {"type": "bitmap","file": "minecraft:item/gui/classic_gui.png","ascent": 21,"height": 236,"chars": [""]},
    {"type": "bitmap","file": "minecraft:item/gui/blackjack_gui.png","ascent": 21,"height": 236,"chars": [""]},
    {"type": "bitmap","file": "minecraft:item/gui/rockpaperscissors_gui.png","ascent": 21,"height": 236,"chars": [""]},
    {"type": "bitmap","file": "minecraft:item/gui/tictactoe_gui.png","ascent": 38,"height": 236,"chars": [""]},
    {"type": "bitmap","file": "minecraft:item/gui/deadmanschest_gui.png","ascent": 21,"height": 236,"chars": [""]},
    {"type": "bitmap","file": "minecraft:item/gui/poker_gui.png","ascent": 21,"height": 236,"chars": [""]},
    {"type": "bitmap","file": "minecraft:item/gui/dice_gui.png","ascent": 38,"height": 236,"chars": [""]},
    {"type": "bitmap","file": "minecraft:item/gui/minesweeper_gui.png","ascent": 21,"height": 236,"chars": [""]},
    {"type": "bitmap","file": "minecraft:item/gui/doubleroulette_gui.png","ascent": 21,"height": 236,"chars": [""]}
    
  ]
}