{
  "model": {
    "type": "range_dispatch",
    "property": "custom_model_data",
    "fallback": {
      "type": "special",
      "base": "minecraft:item/template_skull",
      "model": {
        "type": "minecraft:head",
        "kind": "player"
      }
    },
    "entries": [
      {"threshold": 5611109,"model": {"type": "model", "model": "vegasgui/2darts/darts_zombie"}},
      {"threshold": 5611111,"model": {"type": "model", "model": "vegasgui/2darts/darts_player"}},
      {"threshold": 5611112,"model": {"type": "model", "model": "vegasgui/2darts/darts_skeleton"}}
    ]
  }
}