{
"parent": "minecraft:item/generated",
"textures": {
"layer0": "minecraft:item/diamond"
},

"overrides": [
{"predicate": {"custom_model_data":5612105}, "model": "minecraft:vegasgui/3drums/drums_chest"},
{"predicate": {"custom_model_data":5680101}, "model": "minecraft:vegasgui/40chips/chip_1"},
{"predicate": {"custom_model_data":5680102}, "model": "minecraft:vegasgui/40chips/chip_2"},
{"predicate": {"custom_model_data":5680103}, "model": "minecraft:vegasgui/40chips/chip_3"},
{"predicate": {"custom_model_data":5680104}, "model": "minecraft:vegasgui/40chips/chip_4"},
{"predicate": {"custom_model_data":5680105}, "model": "minecraft:vegasgui/40chips/chip_5"},
{"predicate": {"custom_model_data":5680106}, "model": "minecraft:vegasgui/40chips/chip_6"},
{"predicate": {"custom_model_data":5680107}, "model": "minecraft:vegasgui/40chips/chip_7"},
{"predicate": {"custom_model_data":5680108}, "model": "minecraft:vegasgui/40chips/chip_8"},
{"predicate": {"custom_model_data":5680109}, "model": "minecraft:vegasgui/40chips/chip_9"},
{"predicate": {"custom_model_data":5680110}, "model": "minecraft:vegasgui/40chips/chip_10"}
]
}
